{"accuracy": [0.40625, 0.8020833134651184, 0.9208333492279053, 0.9583333134651184, 0.9791666865348816, 0.9937499761581421, 0.987500011920929, 0.9541666507720947, 0.987500011920929, 0.9916666746139526, 0.9979166388511658, 0.9979166388511658, 0.9979166388511658, 1.0, 0.9958333373069763, 1.0, 1.0, 1.0, 1.0, 1.0], "loss": [1.5820813179016113, 0.4600096642971039, 0.1997625231742859, 0.11226438730955124, 0.05228537321090698, 0.03295452147722244, 0.02969405986368656, 0.11650201678276062, 0.03981710970401764, 0.0287175253033638, 0.01280386745929718, 0.006601046305149794, 0.005049501545727253, 0.004874557256698608, 0.008012637495994568, 0.001697002095170319, 0.0013839129824191332, 0.0022466357331722975, 0.0005583629244938493, 0.00203206785954535], "val_accuracy": [0.8999999761581421, 0.9416666626930237, 1.0, 0.9666666388511658, 1.0, 1.0, 0.9833333492279053, 1.0, 1.0, 1.0, 1.0, 1.0, 1.0, 1.0, 1.0, 1.0, 1.0, 1.0, 1.0, 1.0], "val_loss": [0.6484907269477844, 0.238203227519989, 0.06379552185535431, 0.09008879959583282, 0.019634434953331947, 0.014437605626881123, 0.037921201437711716, 0.026720762252807617, 0.005543767474591732, 0.013319925405085087, 0.001563401659950614, 0.00014159086276777089, 0.0014707708032801747, 0.0013724411837756634, 0.0026967176236212254, 0.00013099874195177108, 5.481460175360553e-05, 4.387073204270564e-05, 3.08010057779029e-05, 2.0240669982740656e-05]}