{"accuracy": [0.9357914924621582, 0.9377732276916504, 0.9441268444061279, 0.943802535533905, 0.9441028237342834, 0.9472615718841553, 0.948522686958313, 0.9514052271842957, 0.9479942321777344, 0.9531347751617432], "loss": [0.1923815757036209, 0.18933621048927307, 0.16780683398246765, 0.1734558492898941, 0.16969287395477295, 0.16203182935714722, 0.159930020570755, 0.1453167051076889, 0.16247408092021942, 0.14937084913253784], "val_accuracy": [0.9399508237838745, 0.9249505400657654, 0.9259634613990784, 0.9407707452774048, 0.9279409646987915, 0.9285197257995605, 0.9288573861122131, 0.9230694770812988, 0.9182944893836975, 0.9230212569236755], "val_loss": [0.21153150498867035, 0.27475494146347046, 0.269929438829422, 0.2165098339319229, 0.26836490631103516, 0.28443270921707153, 0.2674393057823181, 0.3477935791015625, 0.3464391529560089, 0.32738226652145386]}